ID,Surname,Name,Age,Subscription Date,INP_SYSDATE
1,Smith,Sarah,30,1588157373,2020-04-29 14:49:33
2,Picard,Francine,32,1588161732,2020-04-29 16:02:12
3,Roth,Hans,40,1588157337,2020-04-29 14:48:57
4,Pomme,Ali,28,1588165636,2020-04-29 17:07:16
5,Di Lillo,Jordi,42,1588156042,2020-04-29 14:27:22
6,Roth,Anna,26,1588162689,2020-04-29 16:18:09
7,Kirk,Jordi,56,1588153009,2020-04-29 13:36:49
8,Beierlorzer,Josie,20,1588166376,2020-04-29 17:19:36
9,Picard,Robert,39,1588158173,2020-04-29 15:02:53
10,Meier,Jean-Luc,37,1588156009,2020-04-29 14:26:49
11,Kirk,Josie,31,1588166811,2020-04-29 17:26:51
12,Wellington,Sarah,40,1588160408,2020-04-29 15:40:08
13,Meier,Francine,32,1588161431,2020-04-29 15:57:11
14,Pomme,Anna,41,1588168125,2020-04-29 17:48:45
15,Smith,Zoe,26,1588164495,2020-04-29 16:48:15
16,Thronton,Thomas,17,1588163739,2020-04-29 16:35:39
17,Meier,Sarah,51,1588162192,2020-04-29 16:09:52
18,Smith,Thomas,33,1588169603,2020-04-29 18:13:23
19,Stephenson,Hans,49,1588163831,2020-04-29 16:37:11
20,Smith,Sarah,21,1588163361,2020-04-29 16:29:21
21,Wellington,Jordi,43,1588163053,2020-04-29 16:24:13
22,Picard,Jordi,35,1588152398,2020-04-29 13:26:38
23,Stephenson,Simon,54,1588162456,2020-04-29 16:14:16
24,Gwahsi,Sarah,22,1588165278,2020-04-29 17:01:18
25,Di Lillo,Thomas,48,1588150766,2020-04-29 12:59:26
26,Beierlorzer,Jean-Luc,28,1588148707,2020-04-29 12:25:07
27,Kirk,Jordi,34,1588162542,2020-04-29 16:15:42
28,Di Lillo,Alok,31,1588157964,2020-04-29 14:59:24
29,Roth,Franz,38,1588158433,2020-04-29 15:07:13
30,Picard,Andreas,21,1588160223,2020-04-29 15:37:03
31,Thronton,Ali,31,1588159200,2020-04-29 15:20:00
32,Roth,Hans,42,1588157067,2020-04-29 14:44:27
33,Beierlorzer,Zoe,24,1588160437,2020-04-29 15:40:37
34,Thronton,Alok,38,1588166343,2020-04-29 17:19:03
35,Gwahsi,Simon,22,1588157515,2020-04-29 14:51:55
36,Bond,Agaba,16,1588162852,2020-04-29 16:20:52
37,Pomme,Thomas,29,1588159655,2020-04-29 15:27:35
38,Thronton,Simon,44,1588151812,2020-04-29 13:16:52
39,Bond,Ali,40,1588160974,2020-04-29 15:49:34
40,Stephenson,Andreas,46,1588157539,2020-04-29 14:52:19
41,Bond,Andreas,36,1588148505,2020-04-29 12:21:45
42,Wellington,Robert,52,1588161520,2020-04-29 15:58:40
43,Bond,Simon,38,1588164619,2020-04-29 16:50:19
44,Stephenson,Agaba,29,1588165785,2020-04-29 17:09:45
45,Gwahsi,Alok,31,1588150555,2020-04-29 12:55:55
46,Beierlorzer,Francine,43,1588155079,2020-04-29 14:11:19
47,Picard,Sarah,23,1588161552,2020-04-29 15:59:12
48,Gwahsi,Ali,24,1588157502,2020-04-29 14:51:42
49,Wellington,Zoe,47,1588165740,2020-04-29 17:09:00
50,Picard,Hans,27,1588155462,2020-04-29 14:17:42
51,Gwahsi,Jordi,19,1588159088,2020-04-29 15:18:08
52,Roth,Jordi,41,1588164971,2020-04-29 16:56:11
53,Bond,Jordi,33,1588161949,2020-04-29 16:05:49
54,Picard,Sarah,25,1588159506,2020-04-29 15:25:06
55,Thronton,Francine,33,1588163100,2020-04-29 16:25:00
56,Wellington,Zoe,34,1588157419,2020-04-29 14:50:19
57,Thronton,Zoe,45,1588161776,2020-04-29 16:02:56
58,Mueller,Franz,19,1588160401,2020-04-29 15:40:01
59,Picard,Hans,58,1588162600,2020-04-29 16:16:40
60,Picard,Hans,41,1588159095,2020-04-29 15:18:15
61,Kirk,Andreas,29,1588149119,2020-04-29 12:31:59
62,Pomme,Jordi,38,1588157397,2020-04-29 14:49:57
63,Beierlorzer,Jordi,29,1588163924,2020-04-29 16:38:44
64,Di Lillo,Lee,38,1588161459,2020-04-29 15:57:39
65,Meier,Francine,50,1588167423,2020-04-29 17:37:03
66,Bond,Zoe,33,1588161642,2020-04-29 16:00:42
67,Gwahsi,Agaba,51,1588155646,2020-04-29 14:20:46
68,Pomme,Andreas,35,1588168007,2020-04-29 17:46:47
69,Bond,Ali,40,1588156877,2020-04-29 14:41:17
70,Mueller,Hans,38,1588163864,2020-04-29 16:37:44
71,Beierlorzer,Ali,20,1588160444,2020-04-29 15:40:44
72,Stephenson,Alok,44,1588161506,2020-04-29 15:58:26
73,Smith,Ali,25,1588152406,2020-04-29 13:26:46
74,Stephenson,Francine,39,1588161165,2020-04-29 15:52:45
75,Bond,Alok,33,1588165264,2020-04-29 17:01:04
76,Picard,Zoe,35,1588163567,2020-04-29 16:32:47
77,Roth,Jean-Luc,40,1588150286,2020-04-29 12:51:26
78,Kirk,Robert,35,1588158561,2020-04-29 15:09:21
79,Stephenson,Jean-Luc,30,1588157108,2020-04-29 14:45:08
80,Stephenson,Anna,40,1588167603,2020-04-29 17:40:03
81,Thronton,Alok,30,1588156845,2020-04-29 14:40:45
82,Roth,Robert,43,1588163025,2020-04-29 16:23:45
83,Stephenson,Ali,36,1588164781,2020-04-29 16:53:01
84,Kirk,Simon,28,1588150295,2020-04-29 12:51:35
85,Smith,Sarah,49,1588158371,2020-04-29 15:06:11
86,Beierlorzer,Jordi,9,1588161638,2020-04-29 16:00:38
87,Di Lillo,Agaba,18,1588159529,2020-04-29 15:25:29
88,Stephenson,Jean-Luc,37,1588158882,2020-04-29 15:14:42
89,Stephenson,Simon,39,1588158958,2020-04-29 15:15:58
90,Thronton,Jean-Luc,43,1588166019,2020-04-29 17:13:39
91,Bond,Jean-Luc,24,1588159458,2020-04-29 15:24:18
92,Kirk,Andreas,40,1588159273,2020-04-29 15:21:13
93,Thronton,Thomas,24,1588161867,2020-04-29 16:04:27
94,Pomme,Franz,38,1588159835,2020-04-29 15:30:35
95,Mueller,Anna,22,1588164872,2020-04-29 16:54:32
96,Stephenson,Alok,53,1588159295,2020-04-29 15:21:35
97,Picard,Lee,42,1588161454,2020-04-29 15:57:34
98,Bond,Anna,27,1588165500,2020-04-29 17:05:00
99,Meier,Thomas,29,1588164375,2020-04-29 16:46:15
100,Mueller,Franz,26,1588160113,2020-04-29 15:35:13
101,Bond,Anna,41,1588150350,2020-04-29 12:52:30
102,Mueller,Agaba,30,1588158557,2020-04-29 15:09:17
103,Pomme,Andreas,19,1588156101,2020-04-29 14:28:21
104,Wellington,Agaba,27,1588157511,2020-04-29 14:51:51
105,Beierlorzer,Agaba,32,1588164023,2020-04-29 16:40:23
106,Smith,Andreas,34,1588154526,2020-04-29 14:02:06
107,Smith,Simon,34,1588163868,2020-04-29 16:37:48
108,Roth,Zoe,36,1588163275,2020-04-29 16:27:55
109,Bond,Agaba,38,1588148180,2020-04-29 12:16:20
110,Picard,Robert,35,1588146269,2020-04-29 11:44:29
111,Gwahsi,Anna,42,1588159513,2020-04-29 15:25:13
112,Picard,Robert,29,1588161373,2020-04-29 15:56:13
113,Pomme,Agaba,28,1588162442,2020-04-29 16:14:02
114,Pomme,Zoe,31,1588159345,2020-04-29 15:22:25
115,Pomme,Alok,15,1588160522,2020-04-29 15:42:02
116,Thronton,Hans,31,1588154619,2020-04-29 14:03:39
117,Bond,Josie,48,1588159319,2020-04-29 15:21:59
118,Gwahsi,Andreas,13,1588156976,2020-04-29 14:42:56
119,Pomme,Timothy,26,1588156201,2020-04-29 14:30:01
120,Pomme,Josie,45,1588157490,2020-04-29 14:51:30
121,Bond,Lee,14,1588157760,2020-04-29 14:56:00
122,Gwahsi,Simon,26,1588177954,2020-04-29 20:32:34
123,Pomme,Ali,36,1588161557,2020-04-29 15:59:17
124,Bond,Sarah,27,1588156358,2020-04-29 14:32:38
125,Mueller,Alok,43,1588165691,2020-04-29 17:08:11
126,Stephenson,Josie,57,1588153925,2020-04-29 13:52:05
127,Smith,Francine,31,1588162083,2020-04-29 16:08:03
128,Di Lillo,Thomas,35,1588167746,2020-04-29 17:42:26
129,Bond,Sarah,43,1588166061,2020-04-29 17:14:21
130,Kirk,Jordi,14,1588158944,2020-04-29 15:15:44
131,Mueller,Franz,43,1588157380,2020-04-29 14:49:40
132,Meier,Thomas,46,1588156793,2020-04-29 14:39:53
133,Roth,Thomas,39,1588166207,2020-04-29 17:16:47
134,Kirk,Zoe,44,1588159020,2020-04-29 15:17:00
135,Picard,Andreas,33,1588158107,2020-04-29 15:01:47
136,Thronton,Jean-Luc,30,1588160809,2020-04-29 15:46:49
137,Mueller,Timothy,36,1588164359,2020-04-29 16:45:59
138,Picard,Agaba,34,1588166269,2020-04-29 17:17:49
139,Stephenson,Franz,10,1588157565,2020-04-29 14:52:45
140,Gwahsi,Jordi,29,1588157324,2020-04-29 14:48:44
141,Wellington,Hans,18,1588160490,2020-04-29 15:41:30
142,Kirk,Alok,33,1588156614,2020-04-29 14:36:54
143,Picard,Agaba,28,1588152010,2020-04-29 13:20:10
144,Stephenson,Franz,24,1588149669,2020-04-29 12:41:09
145,Picard,Lee,30,1588160732,2020-04-29 15:45:32
146,Stephenson,Jordi,33,1588170454,2020-04-29 18:27:34
147,Thronton,Francine,41,1588163067,2020-04-29 16:24:27
148,Picard,Francine,35,1588158693,2020-04-29 15:11:33
149,Pomme,Hans,41,1588155414,2020-04-29 14:16:54
150,Pomme,Jean-Luc,31,1588156803,2020-04-29 14:40:03
151,Wellington,Simon,45,1588168135,2020-04-29 17:48:55
152,Picard,Andreas,38,1588158866,2020-04-29 15:14:26
153,Bond,Agaba,26,1588156380,2020-04-29 14:33:00
154,Beierlorzer,Franz,37,1588162119,2020-04-29 16:08:39
155,Picard,Thomas,20,1588160804,2020-04-29 15:46:44
156,Stephenson,Simon,23,1588159015,2020-04-29 15:16:55
157,Meier,Lee,18,1588158390,2020-04-29 15:06:30
158,Bond,Josie,32,1588165322,2020-04-29 17:02:02
159,Gwahsi,Lee,34,1588157960,2020-04-29 14:59:20
160,Pomme,Ali,21,1588155088,2020-04-29 14:11:28
161,Picard,Thomas,26,1588162311,2020-04-29 16:11:51
162,Picard,Sarah,18,1588157282,2020-04-29 14:48:02
163,Thronton,Agaba,47,1588160679,2020-04-29 15:44:39
164,Gwahsi,Jean-Luc,27,1588157455,2020-04-29 14:50:55
165,Beierlorzer,Sarah,50,1588158553,2020-04-29 15:09:13
166,Mueller,Simon,48,1588159778,2020-04-29 15:29:38
167,Stephenson,Lee,34,1588157512,2020-04-29 14:51:52
168,Gwahsi,Robert,42,1588158676,2020-04-29 15:11:16
169,Meier,Jean-Luc,41,1588158938,2020-04-29 15:15:38
170,Meier,Francine,36,1588162344,2020-04-29 16:12:24
171,Meier,Francine,32,1588157344,2020-04-29 14:49:04
172,Bond,Sarah,44,1588162648,2020-04-29 16:17:28
173,Roth,Zoe,30,1588164274,2020-04-29 16:44:34
174,Smith,Jean-Luc,22,1588159246,2020-04-29 15:20:46
175,Smith,Agaba,36,1588167342,2020-04-29 17:35:42
176,Pomme,Jordi,43,1588160816,2020-04-29 15:46:56
177,Beierlorzer,Jean-Luc,45,1588166705,2020-04-29 17:25:05
178,Mueller,Simon,31,1588167348,2020-04-29 17:35:48
179,Beierlorzer,Timothy,42,1588147835,2020-04-29 12:10:35
180,Thronton,Jean-Luc,30,1588167711,2020-04-29 17:41:51
181,Beierlorzer,Thomas,9,1588160200,2020-04-29 15:36:40
182,Meier,Robert,39,1588169491,2020-04-29 18:11:31
183,Mueller,Zoe,49,1588162256,2020-04-29 16:10:56
184,Thronton,Francine,26,1588160829,2020-04-29 15:47:09
185,Picard,Andreas,20,1588168218,2020-04-29 17:50:18
186,Picard,Josie,50,1588162852,2020-04-29 16:20:52
187,Kirk,Jordi,39,1588148485,2020-04-29 12:21:25
188,Bond,Jean-Luc,46,1588158870,2020-04-29 15:14:30
189,Smith,Alok,23,1588157828,2020-04-29 14:57:08
190,Kirk,Jordi,22,1588167645,2020-04-29 17:40:45
191,Smith,Alok,36,1588158948,2020-04-29 15:15:48
192,Di Lillo,Sarah,52,1588154027,2020-04-29 13:53:47
193,Pomme,Andreas,22,1588165262,2020-04-29 17:01:02
194,Mueller,Franz,42,1588156272,2020-04-29 14:31:12
195,Kirk,Josie,29,1588154773,2020-04-29 14:06:13
196,Meier,Zoe,29,1588166939,2020-04-29 17:28:59
197,Bond,Ali,37,1588168153,2020-04-29 17:49:13
198,Stephenson,Ali,24,1588159417,2020-04-29 15:23:37
199,Roth,Agaba,19,1588165088,2020-04-29 16:58:08
200,Bond,Jean-Luc,29,1588166078,2020-04-29 17:14:38
201,Stephenson,Francine,38,1588163490,2020-04-29 16:31:30
202,Kirk,Thomas,36,1588154922,2020-04-29 14:08:42
203,Bond,Sarah,40,1588166290,2020-04-29 17:18:10
204,Smith,Thomas,46,1588166954,2020-04-29 17:29:14
205,Beierlorzer,Alok,42,1588170382,2020-04-29 18:26:22
206,Kirk,Agaba,44,1588164919,2020-04-29 16:55:19
207,Picard,Jordi,55,1588153477,2020-04-29 13:44:37
208,Beierlorzer,Jordi,41,1588153695,2020-04-29 13:48:15
209,Beierlorzer,Lee,46,1588169737,2020-04-29 18:15:37
210,Bond,Jordi,28,1588156296,2020-04-29 14:31:36
211,Thronton,Timothy,38,1588157706,2020-04-29 14:55:06
212,Roth,Anna,25,1588170471,2020-04-29 18:27:51
213,Beierlorzer,Andreas,43,1588162006,2020-04-29 16:06:46
214,Gwahsi,Jordi,29,1588154334,2020-04-29 13:58:54
215,Kirk,Lee,37,1588168284,2020-04-29 17:51:24
216,Meier,Agaba,45,1588165035,2020-04-29 16:57:15
217,Stephenson,Anna,24,1588164264,2020-04-29 16:44:24
218,Picard,Francine,49,1588160442,2020-04-29 15:40:42
219,Wellington,Hans,35,1588149346,2020-04-29 12:35:46
220,Roth,Simon,27,1588155645,2020-04-29 14:20:45
221,Thronton,Jean-Luc,24,1588162302,2020-04-29 16:11:42
222,Picard,Andreas,29,1588155098,2020-04-29 14:11:38
223,Gwahsi,Simon,39,1588156618,2020-04-29 14:36:58
224,Di Lillo,Timothy,27,1588160072,2020-04-29 15:34:32
225,Roth,Franz,48,1588160196,2020-04-29 15:36:36
226,Kirk,Jean-Luc,36,1588157292,2020-04-29 14:48:12
227,Di Lillo,Timothy,27,1588156491,2020-04-29 14:34:51
228,Pomme,Zoe,43,1588166095,2020-04-29 17:14:55
229,Mueller,Jean-Luc,30,1588155518,2020-04-29 14:18:38
230,Picard,Jordi,39,1588159944,2020-04-29 15:32:24
231,Roth,Jordi,37,1588160169,2020-04-29 15:36:09
232,Mueller,Robert,33,1588164170,2020-04-29 16:42:50
233,Smith,Hans,31,1588163964,2020-04-29 16:39:24
234,Gwahsi,Timothy,27,1588166438,2020-04-29 17:20:38
235,Beierlorzer,Anna,36,1588152873,2020-04-29 13:34:33
236,Beierlorzer,Hans,18,1588157922,2020-04-29 14:58:42
237,Mueller,Franz,38,1588152707,2020-04-29 13:31:47
238,Meier,Thomas,36,1588158317,2020-04-29 15:05:17
239,Smith,Josie,30,1588165500,2020-04-29 17:05:00
240,Beierlorzer,Jordi,27,1588157898,2020-04-29 14:58:18
241,Di Lillo,Thomas,30,1588157566,2020-04-29 14:52:46
242,Roth,Robert,37,1588151185,2020-04-29 13:06:25
243,Kirk,Lee,44,1588157031,2020-04-29 14:43:51
244,Meier,Agaba,42,1588167478,2020-04-29 17:37:58
245,Thronton,Anna,32,1588152428,2020-04-29 13:27:08
246,Pomme,Simon,57,1588164296,2020-04-29 16:44:56
247,Meier,Thomas,37,1588168135,2020-04-29 17:48:55
248,Gwahsi,Jordi,30,1588161022,2020-04-29 15:50:22
249,Mueller,Jean-Luc,44,1588167072,2020-04-29 17:31:12
250,Gwahsi,Josie,41,1588156610,2020-04-29 14:36:50
251,Kirk,Francine,50,1588171994,2020-04-29 18:53:14
252,Thronton,Zoe,23,1588150982,2020-04-29 13:03:02
253,Smith,Sarah,36,1588163083,2020-04-29 16:24:43
254,Smith,Hans,12,1588164806,2020-04-29 16:53:26
255,Beierlorzer,Thomas,27,1588146448,2020-04-29 11:47:28
256,Bond,Andreas,51,1588158176,2020-04-29 15:02:56
257,Di Lillo,Robert,44,1588159731,2020-04-29 15:28:51
258,Pomme,Agaba,42,1588155213,2020-04-29 14:13:33
259,Mueller,Anna,32,1588154403,2020-04-29 14:00:03
260,Roth,Anna,53,1588161053,2020-04-29 15:50:53
261,Thronton,Jean-Luc,15,1588162971,2020-04-29 16:22:51
262,Stephenson,Anna,51,1588155828,2020-04-29 14:23:48
263,Mueller,Simon,36,1588158025,2020-04-29 15:00:25
264,Pomme,Simon,33,1588165724,2020-04-29 17:08:44
265,Mueller,Thomas,19,1588159858,2020-04-29 15:30:58
266,Smith,Jordi,38,1588156624,2020-04-29 14:37:04
267,Smith,Agaba,45,1588160750,2020-04-29 15:45:50
268,Pomme,Thomas,21,1588156417,2020-04-29 14:33:37
269,Mueller,Lee,26,1588162028,2020-04-29 16:07:08
270,Stephenson,Anna,17,1588167791,2020-04-29 17:43:11
271,Picard,Francine,42,1588165178,2020-04-29 16:59:38
272,Bond,Anna,34,1588161989,2020-04-29 16:06:29
273,Di Lillo,Ali,37,1588166893,2020-04-29 17:28:13
274,Meier,Zoe,35,1588156588,2020-04-29 14:36:28
275,Bond,Josie,52,1588165326,2020-04-29 17:02:06
276,Di Lillo,Thomas,37,1588162336,2020-04-29 16:12:16
277,Picard,Thomas,27,1588154317,2020-04-29 13:58:37
278,Wellington,Sarah,36,1588165670,2020-04-29 17:07:50
279,Kirk,Simon,54,1588163966,2020-04-29 16:39:26
280,Roth,Timothy,35,1588155677,2020-04-29 14:21:17
281,Beierlorzer,Ali,44,1588161077,2020-04-29 15:51:17
282,Di Lillo,Alok,40,1588159942,2020-04-29 15:32:22
283,Beierlorzer,Alok,24,1588168777,2020-04-29 17:59:37
284,Beierlorzer,Jean-Luc,44,1588160053,2020-04-29 15:34:13
285,Meier,Thomas,38,1588156317,2020-04-29 14:31:57
286,Meier,Lee,42,1588153572,2020-04-29 13:46:12
287,Stephenson,Timothy,24,1588163487,2020-04-29 16:31:27
288,Mueller,Francine,20,1588157962,2020-04-29 14:59:22
289,Gwahsi,Agaba,38,1588155237,2020-04-29 14:13:57
290,Gwahsi,Jordi,32,1588150166,2020-04-29 12:49:26
291,Thronton,Hans,50,1588168745,2020-04-29 17:59:05
292,Thronton,Jean-Luc,48,1588161667,2020-04-29 16:01:07
293,Roth,Ali,44,1588154693,2020-04-29 14:04:53
294,Beierlorzer,Timothy,22,1588156025,2020-04-29 14:27:05
295,Beierlorzer,Zoe,24,1588163790,2020-04-29 16:36:30
296,Picard,Timothy,35,1588155468,2020-04-29 14:17:48
297,Gwahsi,Lee,24,1588159255,2020-04-29 15:20:55
298,Mueller,Jordi,37,1588157205,2020-04-29 14:46:45
299,Kirk,Zoe,35,1588156030,2020-04-29 14:27:10
300,Stephenson,Zoe,28,1588166423,2020-04-29 17:20:23
301,Bond,Thomas,28,1588157071,2020-04-29 14:44:31
302,Mueller,Anna,40,1588156425,2020-04-29 14:33:45
303,Kirk,Anna,21,1588157915,2020-04-29 14:58:35
304,Beierlorzer,Francine,34,1588159760,2020-04-29 15:29:20
305,Gwahsi,Agaba,47,1588161424,2020-04-29 15:57:04
306,Di Lillo,Jordi,33,1588166031,2020-04-29 17:13:51
307,Picard,Ali,59,1588162994,2020-04-29 16:23:14
308,Wellington,Hans,31,1588159935,2020-04-29 15:32:15
309,Picard,Jordi,33,1588165993,2020-04-29 17:13:13
310,Beierlorzer,Josie,31,1588153853,2020-04-29 13:50:53
311,Pomme,Francine,15,1588155824,2020-04-29 14:23:44
312,Pomme,Agaba,23,1588162729,2020-04-29 16:18:49
313,Wellington,Andreas,33,1588161362,2020-04-29 15:56:02
314,Beierlorzer,Simon,28,1588158616,2020-04-29 15:10:16
315,Picard,Anna,33,1588161456,2020-04-29 15:57:36
316,Stephenson,Sarah,15,1588166798,2020-04-29 17:26:38
317,Kirk,Zoe,24,1588145636,2020-04-29 11:33:56
318,Smith,Lee,18,1588165417,2020-04-29 17:03:37
319,Di Lillo,Andreas,28,1588158969,2020-04-29 15:16:09
320,Stephenson,Andreas,52,1588158592,2020-04-29 15:09:52
321,Smith,Ali,48,1588156720,2020-04-29 14:38:40
322,Mueller,Jordi,17,1588157751,2020-04-29 14:55:51
323,Stephenson,Zoe,37,1588174856,2020-04-29 19:40:56
324,Meier,Anna,45,1588157295,2020-04-29 14:48:15
325,Gwahsi,Agaba,31,1588164772,2020-04-29 16:52:52
326,Picard,Zoe,22,1588149477,2020-04-29 12:37:57
327,Thronton,Simon,40,1588158514,2020-04-29 15:08:34
328,Bond,Anna,18,1588159368,2020-04-29 15:22:48
329,Roth,Sarah,19,1588158218,2020-04-29 15:03:38
330,Smith,Thomas,36,1588160787,2020-04-29 15:46:27
331,Roth,Jean-Luc,25,1588156458,2020-04-29 14:34:18
332,Mueller,Zoe,38,1588153710,2020-04-29 13:48:30
333,Kirk,Agaba,35,1588153066,2020-04-29 13:37:46
334,Bond,Andreas,38,1588159278,2020-04-29 15:21:18
335,Wellington,Simon,33,1588156711,2020-04-29 14:38:31
336,Thronton,Zoe,31,1588162632,2020-04-29 16:17:12
337,Mueller,Anna,41,1588159868,2020-04-29 15:31:08
338,Bond,Thomas,38,1588156041,2020-04-29 14:27:21
339,Picard,Zoe,30,1588153044,2020-04-29 13:37:24
340,Roth,Sarah,17,1588157107,2020-04-29 14:45:07
341,Smith,Josie,31,1588153804,2020-04-29 13:50:04
342,Stephenson,Alok,29,1588157485,2020-04-29 14:51:25
343,Mueller,Franz,26,1588158860,2020-04-29 15:14:20
344,Wellington,Sarah,18,1588158624,2020-04-29 15:10:24
345,Roth,Alok,25,1588155399,2020-04-29 14:16:39
346,Bond,Sarah,28,1588163654,2020-04-29 16:34:14
347,Gwahsi,Robert,31,1588159709,2020-04-29 15:28:29
348,Bond,Francine,38,1588159491,2020-04-29 15:24:51
349,Picard,Robert,34,1588155748,2020-04-29 14:22:28
350,Mueller,Josie,17,1588164977,2020-04-29 16:56:17
351,Wellington,Robert,44,1588162447,2020-04-29 16:14:07
352,Smith,Francine,40,1588161390,2020-04-29 15:56:30
353,Di Lillo,Jean-Luc,26,1588172904,2020-04-29 19:08:24
354,Beierlorzer,Josie,28,1588155289,2020-04-29 14:14:49
355,Meier,Zoe,49,1588167835,2020-04-29 17:43:55
356,Meier,Agaba,29,1588165802,2020-04-29 17:10:02
357,Meier,Agaba,21,1588157149,2020-04-29 14:45:49
358,Gwahsi,Robert,37,1588160540,2020-04-29 15:42:20
359,Bond,Josie,34,1588155637,2020-04-29 14:20:37
360,Di Lillo,Zoe,17,1588155423,2020-04-29 14:17:03
361,Thronton,Robert,44,1588154146,2020-04-29 13:55:46
362,Picard,Timothy,54,1588160439,2020-04-29 15:40:39
363,Picard,Robert,34,1588166469,2020-04-29 17:21:09
364,Stephenson,Timothy,41,1588161690,2020-04-29 16:01:30
365,Thronton,Francine,33,1588164779,2020-04-29 16:52:59
366,Mueller,Josie,42,1588169763,2020-04-29 18:16:03
367,Gwahsi,Jordi,36,1588169452,2020-04-29 18:10:52
368,Gwahsi,Alok,32,1588158609,2020-04-29 15:10:09
369,Picard,Alok,43,1588156652,2020-04-29 14:37:32
370,Roth,Jean-Luc,35,1588155440,2020-04-29 14:17:20
371,Kirk,Anna,43,1588159864,2020-04-29 15:31:04
372,Mueller,Simon,35,1588158686,2020-04-29 15:11:26
373,Pomme,Simon,47,1588162473,2020-04-29 16:14:33
374,Beierlorzer,Francine,55,1588160311,2020-04-29 15:38:31
375,Wellington,Jean-Luc,23,1588161388,2020-04-29 15:56:28
376,Pomme,Jordi,26,1588154660,2020-04-29 14:04:20
377,Picard,Andreas,30,1588161468,2020-04-29 15:57:48
378,Mueller,Robert,33,1588161591,2020-04-29 15:59:51
379,Beierlorzer,Franz,28,1588163197,2020-04-29 16:26:37
380,Smith,Jordi,34,1588162207,2020-04-29 16:10:07
381,Beierlorzer,Agaba,32,1588151505,2020-04-29 13:11:45
382,Mueller,Jordi,26,1588159690,2020-04-29 15:28:10
383,Picard,Ali,34,1588161763,2020-04-29 16:02:43
384,Picard,Franz,35,1588161616,2020-04-29 16:00:16
385,Stephenson,Andreas,46,1588174859,2020-04-29 19:40:59
386,Thronton,Zoe,45,1588161701,2020-04-29 16:01:41
387,Di Lillo,Jean-Luc,35,1588161076,2020-04-29 15:51:16
388,Smith,Franz,50,1588163714,2020-04-29 16:35:14
389,Kirk,Francine,23,1588165972,2020-04-29 17:12:52
390,Mueller,Jordi,47,1588172330,2020-04-29 18:58:50
391,Thronton,Anna,15,1588159439,2020-04-29 15:23:59
392,Thronton,Anna,28,1588153647,2020-04-29 13:47:27
393,Stephenson,Alok,16,1588161671,2020-04-29 16:01:11
394,Picard,Thomas,47,1588163776,2020-04-29 16:36:16
395,Beierlorzer,Robert,30,1588164383,2020-04-29 16:46:23
396,Pomme,Alok,12,1588159178,2020-04-29 15:19:38
397,Picard,Timothy,31,1588168288,2020-04-29 17:51:28
398,Mueller,Andreas,33,1588151663,2020-04-29 13:14:23
399,Meier,Jean-Luc,42,1588162014,2020-04-29 16:06:54
400,Beierlorzer,Agaba,24,1588162946,2020-04-29 16:22:26
401,Stephenson,Andreas,15,1588156197,2020-04-29 14:29:57
402,Beierlorzer,Jean-Luc,48,1588162072,2020-04-29 16:07:52
403,Di Lillo,Jean-Luc,50,1588163735,2020-04-29 16:35:35
404,Roth,Robert,30,1588154740,2020-04-29 14:05:40
405,Wellington,Franz,32,1588158434,2020-04-29 15:07:14
406,Gwahsi,Franz,51,1588156094,2020-04-29 14:28:14
407,Picard,Franz,29,1588158867,2020-04-29 15:14:27
408,Pomme,Andreas,29,1588161592,2020-04-29 15:59:52
409,Kirk,Simon,25,1588152319,2020-04-29 13:25:19
410,Bond,Robert,36,1588157538,2020-04-29 14:52:18
411,Mueller,Josie,34,1588162248,2020-04-29 16:10:48
412,Beierlorzer,Robert,34,1588155819,2020-04-29 14:23:39
413,Di Lillo,Andreas,17,1588150008,2020-04-29 12:46:48
414,Roth,Zoe,35,1588160738,2020-04-29 15:45:38
415,Beierlorzer,Timothy,30,1588161232,2020-04-29 15:53:52
416,Smith,Josie,23,1588156390,2020-04-29 14:33:10
417,Gwahsi,Robert,25,1588156293,2020-04-29 14:31:33
418,Thronton,Franz,29,1588153286,2020-04-29 13:41:26
419,Roth,Francine,15,1588160681,2020-04-29 15:44:41
420,Gwahsi,Sarah,40,1588155126,2020-04-29 14:12:06
421,Meier,Jordi,40,1588168114,2020-04-29 17:48:34
422,Gwahsi,Josie,36,1588160729,2020-04-29 15:45:29
423,Picard,Timothy,28,1588163574,2020-04-29 16:32:54
424,Kirk,Lee,53,1588154288,2020-04-29 13:58:08
425,Gwahsi,Josie,19,1588160927,2020-04-29 15:48:47
426,Di Lillo,Andreas,44,1588167748,2020-04-29 17:42:28
427,Pomme,Anna,30,1588152414,2020-04-29 13:26:54
428,Stephenson,Jean-Luc,20,1588152604,2020-04-29 13:30:04
429,Smith,Ali,22,1588160469,2020-04-29 15:41:09
430,Smith,Lee,38,1588159427,2020-04-29 15:23:47
431,Di Lillo,Ali,33,1588154220,2020-04-29 13:57:00
432,Wellington,Timothy,27,1588155293,2020-04-29 14:14:53
433,Thronton,Timothy,39,1588156706,2020-04-29 14:38:26
434,Di Lillo,Zoe,27,1588156004,2020-04-29 14:26:44
435,Di Lillo,Lee,43,1588162875,2020-04-29 16:21:15
436,Wellington,Anna,35,1588156772,2020-04-29 14:39:32
437,Kirk,Josie,23,1588161780,2020-04-29 16:03:00
438,Gwahsi,Timothy,28,1588169929,2020-04-29 18:18:49
439,Smith,Thomas,37,1588162598,2020-04-29 16:16:38
440,Beierlorzer,Lee,39,1588160709,2020-04-29 15:45:09
441,Beierlorzer,Ali,31,1588158947,2020-04-29 15:15:47
442,Beierlorzer,Josie,30,1588162916,2020-04-29 16:21:56
443,Wellington,Lee,20,1588158240,2020-04-29 15:04:00
444,Mueller,Ali,35,1588156747,2020-04-29 14:39:07
445,Di Lillo,Hans,47,1588157953,2020-04-29 14:59:13
446,Kirk,Lee,35,1588154884,2020-04-29 14:08:04
447,Pomme,Jordi,31,1588164792,2020-04-29 16:53:12
448,Pomme,Zoe,19,1588158573,2020-04-29 15:09:33
449,Mueller,Simon,17,1588157958,2020-04-29 14:59:18
450,Beierlorzer,Zoe,19,1588174909,2020-04-29 19:41:49
451,Beierlorzer,Lee,25,1588158009,2020-04-29 15:00:09
452,Kirk,Sarah,29,1588166899,2020-04-29 17:28:19
453,Thronton,Francine,22,1588159795,2020-04-29 15:29:55
454,Mueller,Ali,35,1588158362,2020-04-29 15:06:02
455,Gwahsi,Thomas,33,1588158286,2020-04-29 15:04:46
456,Di Lillo,Josie,46,1588159187,2020-04-29 15:19:47
457,Stephenson,Simon,19,1588159394,2020-04-29 15:23:14
458,Mueller,Ali,28,1588169500,2020-04-29 18:11:40
459,Beierlorzer,Timothy,38,1588152095,2020-04-29 13:21:35
460,Picard,Franz,55,1588158340,2020-04-29 15:05:40
461,Roth,Lee,51,1588161617,2020-04-29 16:00:17
462,Pomme,Jean-Luc,29,1588154687,2020-04-29 14:04:47
463,Mueller,Robert,30,1588159592,2020-04-29 15:26:32
464,Smith,Lee,30,1588156256,2020-04-29 14:30:56
465,Bond,Hans,14,1588160772,2020-04-29 15:46:12
466,Stephenson,Francine,27,1588156671,2020-04-29 14:37:51
467,Stephenson,Jean-Luc,32,1588164410,2020-04-29 16:46:50
468,Smith,Thomas,38,1588152897,2020-04-29 13:34:57
469,Wellington,Josie,39,1588157813,2020-04-29 14:56:53
470,Meier,Jordi,16,1588166020,2020-04-29 17:13:40
471,Meier,Anna,37,1588164427,2020-04-29 16:47:07
472,Smith,Agaba,27,1588156296,2020-04-29 14:31:36
473,Roth,Anna,39,1588160862,2020-04-29 15:47:42
474,Meier,Jean-Luc,29,1588157565,2020-04-29 14:52:45
475,Gwahsi,Zoe,39,1588158138,2020-04-29 15:02:18
476,Di Lillo,Zoe,33,1588160268,2020-04-29 15:37:48
477,Bond,Hans,38,1588156424,2020-04-29 14:33:44
478,Beierlorzer,Zoe,44,1588157775,2020-04-29 14:56:15
479,Meier,Andreas,8,1588161921,2020-04-29 16:05:21
480,Pomme,Andreas,29,1588155856,2020-04-29 14:24:16
481,Meier,Ali,34,1588154354,2020-04-29 13:59:14
482,Pomme,Lee,39,1588166711,2020-04-29 17:25:11
483,Gwahsi,Thomas,24,1588155257,2020-04-29 14:14:17
484,Stephenson,Hans,14,1588154724,2020-04-29 14:05:24
485,Thronton,Josie,51,1588168233,2020-04-29 17:50:33
486,Roth,Franz,41,1588163462,2020-04-29 16:31:02
487,Kirk,Francine,37,1588161267,2020-04-29 15:54:27
488,Beierlorzer,Josie,36,1588149882,2020-04-29 12:44:42
489,Gwahsi,Francine,24,1588154385,2020-04-29 13:59:45
490,Pomme,Zoe,47,1588164251,2020-04-29 16:44:11
491,Thronton,Alok,30,1588152316,2020-04-29 13:25:16
492,Smith,Jean-Luc,43,1588165999,2020-04-29 17:13:19
493,Beierlorzer,Francine,35,1588160385,2020-04-29 15:39:45
494,Roth,Alok,31,1588165304,2020-04-29 17:01:44
495,Beierlorzer,Lee,27,1588155009,2020-04-29 14:10:09
496,Roth,Alok,23,1588166300,2020-04-29 17:18:20
497,Wellington,Sarah,43,1588163310,2020-04-29 16:28:30
498,Kirk,Zoe,21,1588150514,2020-04-29 12:55:14
499,Wellington,Alok,26,1588157790,2020-04-29 14:56:30
500,Picard,Ali,12,1588159940,2020-04-29 15:32:20
501,Wellington,Robert,41,1588159412,2020-04-29 15:23:32
502,Roth,Zoe,40,1588161484,2020-04-29 15:58:04
503,Gwahsi,Andreas,28,1588155311,2020-04-29 14:15:11
504,Wellington,Franz,28,1588156835,2020-04-29 14:40:35
505,Bond,Jordi,32,1588160543,2020-04-29 15:42:23
506,Wellington,Zoe,32,1588157882,2020-04-29 14:58:02
507,Roth,Francine,36,1588157977,2020-04-29 14:59:37
508,Wellington,Hans,24,1588158368,2020-04-29 15:06:08
509,Picard,Hans,36,1588159001,2020-04-29 15:16:41
510,Mueller,Josie,31,1588159414,2020-04-29 15:23:34
511,Bond,Hans,33,1588161692,2020-04-29 16:01:32
512,Meier,Thomas,35,1588161033,2020-04-29 15:50:33
513,Picard,Lee,40,1588165971,2020-04-29 17:12:51
514,Roth,Franz,30,1588152321,2020-04-29 13:25:21
515,Roth,Josie,18,1588153507,2020-04-29 13:45:07
516,Wellington,Josie,57,1588158926,2020-04-29 15:15:26
517,Wellington,Simon,40,1588163431,2020-04-29 16:30:31
518,Meier,Alok,31,1588156241,2020-04-29 14:30:41
519,Wellington,Zoe,34,1588165431,2020-04-29 17:03:51
520,Kirk,Anna,46,1588168297,2020-04-29 17:51:37
521,Smith,Lee,42,1588169415,2020-04-29 18:10:15
522,Di Lillo,Lee,32,1588158761,2020-04-29 15:12:41
523,Picard,Timothy,21,1588162430,2020-04-29 16:13:50
524,Wellington,Alok,32,1588161922,2020-04-29 16:05:22
525,Thronton,Agaba,27,1588162314,2020-04-29 16:11:54
526,Kirk,Francine,32,1588153358,2020-04-29 13:42:38
527,Kirk,Thomas,49,1588149792,2020-04-29 12:43:12
528,Roth,Anna,36,1588161741,2020-04-29 16:02:21
529,Pomme,Timothy,48,1588173173,2020-04-29 19:12:53
530,Gwahsi,Francine,29,1588158042,2020-04-29 15:00:42
531,Bond,Andreas,30,1588168914,2020-04-29 18:01:54
532,Gwahsi,Thomas,51,1588164614,2020-04-29 16:50:14
533,Meier,Andreas,43,1588171540,2020-04-29 18:45:40
534,Di Lillo,Agaba,40,1588157016,2020-04-29 14:43:36
535,Smith,Sarah,32,1588153992,2020-04-29 13:53:12
536,Pomme,Jean-Luc,39,1588172812,2020-04-29 19:06:52
537,Beierlorzer,Francine,49,1588162952,2020-04-29 16:22:32
538,Wellington,Hans,23,1588161996,2020-04-29 16:06:36
539,Mueller,Simon,14,1588159860,2020-04-29 15:31:00
540,Wellington,Jordi,39,1588164126,2020-04-29 16:42:06
541,Thronton,Jean-Luc,33,1588160084,2020-04-29 15:34:44
542,Wellington,Sarah,19,1588158180,2020-04-29 15:03:00
543,Meier,Timothy,45,1588162138,2020-04-29 16:08:58
544,Kirk,Jordi,42,1588158146,2020-04-29 15:02:26
545,Di Lillo,Simon,29,1588158762,2020-04-29 15:12:42
546,Meier,Thomas,43,1588160831,2020-04-29 15:47:11
547,Meier,Robert,33,1588160989,2020-04-29 15:49:49
548,Pomme,Simon,25,1588165981,2020-04-29 17:13:01
549,Smith,Franz,21,1588160348,2020-04-29 15:39:08
550,Di Lillo,Simon,44,1588154124,2020-04-29 13:55:24
551,Di Lillo,Alok,48,1588163210,2020-04-29 16:26:50
552,Gwahsi,Hans,41,1588164102,2020-04-29 16:41:42
553,Roth,Robert,35,1588154113,2020-04-29 13:55:13
554,Kirk,Alok,49,1588160593,2020-04-29 15:43:13
555,Di Lillo,Andreas,13,1588159838,2020-04-29 15:30:38
556,Stephenson,Agaba,53,1588156872,2020-04-29 14:41:12
557,Thronton,Jordi,37,1588156700,2020-04-29 14:38:20
558,Wellington,Ali,62,1588156913,2020-04-29 14:41:53
559,Smith,Josie,23,1588162922,2020-04-29 16:22:02
560,Pomme,Andreas,34,1588158272,2020-04-29 15:04:32
561,Smith,Agaba,31,1588163556,2020-04-29 16:32:36
562,Pomme,Zoe,38,1588161377,2020-04-29 15:56:17
563,Mueller,Sarah,24,1588168192,2020-04-29 17:49:52
564,Thronton,Francine,25,1588162777,2020-04-29 16:19:37
565,Smith,Francine,46,1588158845,2020-04-29 15:14:05
566,Bond,Franz,30,1588154724,2020-04-29 14:05:24
567,Thronton,Alok,33,1588152517,2020-04-29 13:28:37
568,Roth,Sarah,29,1588159696,2020-04-29 15:28:16
569,Kirk,Thomas,14,1588159423,2020-04-29 15:23:43
570,Kirk,Francine,39,1588152963,2020-04-29 13:36:03
571,Wellington,Franz,44,1588165545,2020-04-29 17:05:45
572,Bond,Andreas,28,1588156157,2020-04-29 14:29:17
573,Kirk,Jordi,39,1588156929,2020-04-29 14:42:09
574,Picard,Zoe,42,1588166140,2020-04-29 17:15:40
575,Smith,Robert,45,1588156119,2020-04-29 14:28:39
576,Mueller,Ali,35,1588168662,2020-04-29 17:57:42
577,Thronton,Simon,19,1588159292,2020-04-29 15:21:32
578,Kirk,Andreas,44,1588156116,2020-04-29 14:28:36
579,Meier,Lee,45,1588164617,2020-04-29 16:50:17
580,Meier,Jean-Luc,49,1588156126,2020-04-29 14:28:46
581,Picard,Anna,43,1588167372,2020-04-29 17:36:12
582,Pomme,Robert,26,1588149142,2020-04-29 12:32:22
583,Bond,Sarah,41,1588166102,2020-04-29 17:15:02
584,Wellington,Anna,24,1588152259,2020-04-29 13:24:19
585,Beierlorzer,Jean-Luc,42,1588160560,2020-04-29 15:42:40
586,Picard,Lee,49,1588163969,2020-04-29 16:39:29
587,Smith,Anna,44,1588163486,2020-04-29 16:31:26
588,Di Lillo,Ali,43,1588157117,2020-04-29 14:45:17
589,Beierlorzer,Alok,33,1588159809,2020-04-29 15:30:09
590,Thronton,Zoe,32,1588161946,2020-04-29 16:05:46
591,Bond,Zoe,39,1588162749,2020-04-29 16:19:09
592,Kirk,Thomas,37,1588164329,2020-04-29 16:45:29
593,Roth,Anna,39,1588158349,2020-04-29 15:05:49
594,Kirk,Anna,28,1588163345,2020-04-29 16:29:05
595,Meier,Anna,10,1588155264,2020-04-29 14:14:24
596,Smith,Sarah,39,1588163705,2020-04-29 16:35:05
597,Kirk,Alok,51,1588158057,2020-04-29 15:00:57
598,Beierlorzer,Franz,22,1588158634,2020-04-29 15:10:34
599,Stephenson,Francine,40,1588161407,2020-04-29 15:56:47
600,Di Lillo,Andreas,33,1588161712,2020-04-29 16:01:52
601,Stephenson,Francine,36,1588160732,2020-04-29 15:45:32
602,Mueller,Franz,31,1588153100,2020-04-29 13:38:20
603,Roth,Thomas,16,1588151987,2020-04-29 13:19:47
604,Smith,Jean-Luc,51,1588166214,2020-04-29 17:16:54
605,Mueller,Agaba,15,1588163684,2020-04-29 16:34:44
606,Stephenson,Hans,39,1588165596,2020-04-29 17:06:36
607,Picard,Andreas,25,1588168742,2020-04-29 17:59:02
608,Picard,Agaba,28,1588159775,2020-04-29 15:29:35
609,Beierlorzer,Hans,44,1588159894,2020-04-29 15:31:34
610,Roth,Jordi,40,1588158179,2020-04-29 15:02:59
611,Thronton,Jean-Luc,42,1588170533,2020-04-29 18:28:53
612,Smith,Timothy,30,1588154639,2020-04-29 14:03:59
613,Kirk,Josie,32,1588166609,2020-04-29 17:23:29
614,Smith,Lee,42,1588162134,2020-04-29 16:08:54
615,Mueller,Sarah,28,1588154270,2020-04-29 13:57:50
616,Meier,Ali,30,1588158244,2020-04-29 15:04:04
617,Beierlorzer,Sarah,38,1588164049,2020-04-29 16:40:49
618,Gwahsi,Agaba,32,1588155031,2020-04-29 14:10:31
619,Bond,Andreas,44,1588163679,2020-04-29 16:34:39
620,Beierlorzer,Josie,48,1588160664,2020-04-29 15:44:24
621,Kirk,Simon,45,1588157617,2020-04-29 14:53:37
622,Mueller,Hans,32,1588161781,2020-04-29 16:03:01
623,Kirk,Sarah,36,1588160120,2020-04-29 15:35:20
624,Pomme,Alok,21,1588152011,2020-04-29 13:20:11
625,Beierlorzer,Robert,30,1588160277,2020-04-29 15:37:57
626,Kirk,Timothy,27,1588164994,2020-04-29 16:56:34
627,Wellington,Sarah,27,1588155889,2020-04-29 14:24:49
628,Wellington,Jordi,34,1588169461,2020-04-29 18:11:01
629,Di Lillo,Franz,44,1588159763,2020-04-29 15:29:23
630,Wellington,Timothy,20,1588163006,2020-04-29 16:23:26
631,Meier,Anna,29,1588161774,2020-04-29 16:02:54
632,Meier,Josie,22,1588168781,2020-04-29 17:59:41
633,Pomme,Zoe,29,1588159041,2020-04-29 15:17:21
634,Picard,Ali,41,1588170317,2020-04-29 18:25:17
635,Di Lillo,Hans,39,1588162586,2020-04-29 16:16:26
636,Meier,Andreas,44,1588148889,2020-04-29 12:28:09
637,Wellington,Simon,34,1588165045,2020-04-29 16:57:25
638,Beierlorzer,Francine,27,1588163865,2020-04-29 16:37:45
639,Stephenson,Francine,40,1588157353,2020-04-29 14:49:13
640,Di Lillo,Jordi,36,1588163241,2020-04-29 16:27:21
641,Gwahsi,Anna,49,1588158350,2020-04-29 15:05:50
642,Mueller,Ali,5,1588145188,2020-04-29 11:26:28
643,Mueller,Simon,40,1588152131,2020-04-29 13:22:11
644,Wellington,Lee,22,1588156439,2020-04-29 14:33:59
645,Meier,Jordi,38,1588159238,2020-04-29 15:20:38
646,Thronton,Ali,32,1588161045,2020-04-29 15:50:45
647,Meier,Hans,16,1588160038,2020-04-29 15:33:58
648,Wellington,Josie,19,1588161182,2020-04-29 15:53:02
649,Di Lillo,Anna,51,1588163412,2020-04-29 16:30:12
650,Wellington,Andreas,33,1588155485,2020-04-29 14:18:05
651,Beierlorzer,Sarah,29,1588155083,2020-04-29 14:11:23
652,Roth,Simon,40,1588158931,2020-04-29 15:15:31
653,Kirk,Alok,18,1588158745,2020-04-29 15:12:25
654,Bond,Sarah,46,1588164972,2020-04-29 16:56:12
655,Di Lillo,Thomas,18,1588158103,2020-04-29 15:01:43
656,Mueller,Simon,27,1588162870,2020-04-29 16:21:10
657,Gwahsi,Sarah,32,1588158904,2020-04-29 15:15:04
658,Smith,Jean-Luc,44,1588158020,2020-04-29 15:00:20
659,Pomme,Josie,45,1588164897,2020-04-29 16:54:57
660,Beierlorzer,Lee,31,1588168476,2020-04-29 17:54:36
661,Kirk,Francine,36,1588154951,2020-04-29 14:09:11
662,Roth,Jordi,45,1588166445,2020-04-29 17:20:45
663,Kirk,Hans,36,1588155056,2020-04-29 14:10:56
664,Picard,Zoe,46,1588160876,2020-04-29 15:47:56
665,Kirk,Josie,22,1588155294,2020-04-29 14:14:54
666,Smith,Lee,10,1588154885,2020-04-29 14:08:05
667,Kirk,Lee,38,1588171066,2020-04-29 18:37:46
668,Mueller,Ali,42,1588157906,2020-04-29 14:58:26
669,Bond,Sarah,22,1588151407,2020-04-29 13:10:07
670,Smith,Thomas,30,1588161093,2020-04-29 15:51:33
671,Smith,Thomas,41,1588148664,2020-04-29 12:24:24
672,Di Lillo,Simon,53,1588157185,2020-04-29 14:46:25
673,Gwahsi,Agaba,29,1588152275,2020-04-29 13:24:35
674,Pomme,Alok,56,1588163066,2020-04-29 16:24:26
675,Gwahsi,Simon,25,1588157630,2020-04-29 14:53:50
676,Gwahsi,Andreas,55,1588154891,2020-04-29 14:08:11
677,Beierlorzer,Jean-Luc,48,1588165650,2020-04-29 17:07:30
678,Kirk,Andreas,28,1588155836,2020-04-29 14:23:56
679,Pomme,Josie,35,1588162189,2020-04-29 16:09:49
680,Kirk,Jordi,35,1588166092,2020-04-29 17:14:52
681,Bond,Robert,22,1588164716,2020-04-29 16:51:56
682,Pomme,Robert,40,1588169124,2020-04-29 18:05:24
683,Kirk,Jean-Luc,48,1588158151,2020-04-29 15:02:31
684,Gwahsi,Zoe,44,1588172202,2020-04-29 18:56:42
685,Pomme,Agaba,42,1588163989,2020-04-29 16:39:49
686,Mueller,Robert,40,1588165842,2020-04-29 17:10:42
687,Pomme,Josie,46,1588157830,2020-04-29 14:57:10
688,Mueller,Sarah,37,1588154532,2020-04-29 14:02:12
689,Thronton,Timothy,12,1588157089,2020-04-29 14:44:49
690,Di Lillo,Robert,29,1588158903,2020-04-29 15:15:03
691,Roth,Francine,38,1588157993,2020-04-29 14:59:53
692,Meier,Lee,41,1588156190,2020-04-29 14:29:50
693,Thronton,Hans,22,1588158639,2020-04-29 15:10:39
694,Pomme,Lee,32,1588166641,2020-04-29 17:24:01
695,Bond,Agaba,49,1588160598,2020-04-29 15:43:18
696,Pomme,Hans,20,1588160691,2020-04-29 15:44:51
697,Roth,Zoe,37,1588165231,2020-04-29 17:00:31
698,Kirk,Hans,28,1588163444,2020-04-29 16:30:44
699,Pomme,Jordi,31,1588159027,2020-04-29 15:17:07
700,Meier,Anna,27,1588155048,2020-04-29 14:10:48
701,Beierlorzer,Andreas,22,1588163655,2020-04-29 16:34:15
702,Bond,Josie,45,1588160864,2020-04-29 15:47:44
703,Mueller,Ali,30,1588155831,2020-04-29 14:23:51
704,Smith,Ali,47,1588160927,2020-04-29 15:48:47
705,Di Lillo,Franz,37,1588166030,2020-04-29 17:13:50
706,Mueller,Andreas,52,1588152684,2020-04-29 13:31:24
707,Stephenson,Franz,34,1588158210,2020-04-29 15:03:30
708,Mueller,Anna,29,1588161985,2020-04-29 16:06:25
709,Bond,Agaba,24,1588161955,2020-04-29 16:05:55
710,Pomme,Franz,40,1588157501,2020-04-29 14:51:41
711,Bond,Zoe,29,1588164600,2020-04-29 16:50:00
712,Stephenson,Josie,37,1588148394,2020-04-29 12:19:54
713,Stephenson,Thomas,17,1588159051,2020-04-29 15:17:31
714,Wellington,Agaba,22,1588166594,2020-04-29 17:23:14
715,Thronton,Josie,30,1588160794,2020-04-29 15:46:34
716,Stephenson,Thomas,33,1588162697,2020-04-29 16:18:17
717,Bond,Franz,24,1588157063,2020-04-29 14:44:23
718,Stephenson,Alok,40,1588163589,2020-04-29 16:33:09
719,Bond,Josie,31,1588164081,2020-04-29 16:41:21
720,Bond,Robert,43,1588157779,2020-04-29 14:56:19
721,Kirk,Alok,30,1588159536,2020-04-29 15:25:36
722,Mueller,Hans,35,1588151848,2020-04-29 13:17:28
723,Kirk,Agaba,50,1588163386,2020-04-29 16:29:46
724,Pomme,Sarah,36,1588164981,2020-04-29 16:56:21
725,Meier,Thomas,8,1588162180,2020-04-29 16:09:40
726,Beierlorzer,Agaba,39,1588163264,2020-04-29 16:27:44
727,Thronton,Timothy,41,1588161644,2020-04-29 16:00:44
728,Meier,Agaba,25,1588164330,2020-04-29 16:45:30
729,Wellington,Anna,50,1588157706,2020-04-29 14:55:06
730,Picard,Timothy,35,1588156920,2020-04-29 14:42:00
731,Beierlorzer,Simon,44,1588154917,2020-04-29 14:08:37
732,Pomme,Alok,28,1588162620,2020-04-29 16:17:00
733,Wellington,Anna,56,1588156062,2020-04-29 14:27:42
734,Smith,Hans,48,1588157128,2020-04-29 14:45:28
735,Pomme,Andreas,39,1588151548,2020-04-29 13:12:28
736,Gwahsi,Anna,43,1588162504,2020-04-29 16:15:04
737,Beierlorzer,Francine,28,1588161790,2020-04-29 16:03:10
738,Gwahsi,Zoe,49,1588157979,2020-04-29 14:59:39
739,Stephenson,Hans,44,1588164083,2020-04-29 16:41:23
740,Wellington,Anna,14,1588157091,2020-04-29 14:44:51
741,Bond,Alok,36,1588158028,2020-04-29 15:00:28
742,Picard,Lee,26,1588161083,2020-04-29 15:51:23
743,Thronton,Lee,36,1588168440,2020-04-29 17:54:00
744,Meier,Zoe,26,1588166212,2020-04-29 17:16:52
745,Bond,Agaba,10,1588166619,2020-04-29 17:23:39
746,Di Lillo,Robert,19,1588159383,2020-04-29 15:23:03
747,Di Lillo,Timothy,34,1588160874,2020-04-29 15:47:54
748,Picard,Timothy,37,1588166185,2020-04-29 17:16:25
749,Roth,Jordi,57,1588161553,2020-04-29 15:59:13
750,Wellington,Timothy,40,1588162744,2020-04-29 16:19:04
751,Thronton,Robert,35,1588161987,2020-04-29 16:06:27
752,Roth,Timothy,47,1588165163,2020-04-29 16:59:23
753,Roth,Alok,30,1588159493,2020-04-29 15:24:53
754,Wellington,Hans,35,1588157148,2020-04-29 14:45:48
755,Roth,Ali,35,1588154302,2020-04-29 13:58:22
756,Picard,Anna,51,1588157452,2020-04-29 14:50:52
757,Thronton,Josie,33,1588158252,2020-04-29 15:04:12
758,Bond,Josie,32,1588163160,2020-04-29 16:26:00
759,Bond,Josie,31,1588162263,2020-04-29 16:11:03
760,Stephenson,Anna,35,1588157282,2020-04-29 14:48:02
761,Smith,Robert,26,1588155705,2020-04-29 14:21:45
762,Wellington,Jordi,30,1588159918,2020-04-29 15:31:58
763,Pomme,Sarah,36,1588164801,2020-04-29 16:53:21
764,Beierlorzer,Thomas,35,1588162424,2020-04-29 16:13:44
765,Thronton,Ali,26,1588166583,2020-04-29 17:23:03
766,Thronton,Alok,22,1588164590,2020-04-29 16:49:50
767,Picard,Sarah,38,1588154276,2020-04-29 13:57:56
768,Stephenson,Sarah,27,1588156306,2020-04-29 14:31:46
769,Beierlorzer,Zoe,31,1588154097,2020-04-29 13:54:57
770,Kirk,Zoe,39,1588160976,2020-04-29 15:49:36
771,Mueller,Sarah,30,1588156186,2020-04-29 14:29:46
772,Mueller,Josie,53,1588165884,2020-04-29 17:11:24
773,Bond,Hans,36,1588169099,2020-04-29 18:04:59
774,Di Lillo,Josie,41,1588161904,2020-04-29 16:05:04
775,Beierlorzer,Robert,24,1588166406,2020-04-29 17:20:06
776,Meier,Agaba,39,1588167653,2020-04-29 17:40:53
777,Picard,Zoe,30,1588162165,2020-04-29 16:09:25
778,Meier,Robert,35,1588164456,2020-04-29 16:47:36
779,Di Lillo,Agaba,30,1588163433,2020-04-29 16:30:33
780,Kirk,Lee,37,1588155525,2020-04-29 14:18:45
781,Smith,Thomas,14,1588167777,2020-04-29 17:42:57
782,Meier,Franz,38,1588157428,2020-04-29 14:50:28
783,Pomme,Hans,18,1588156780,2020-04-29 14:39:40
784,Smith,Josie,27,1588162503,2020-04-29 16:15:03
785,Wellington,Thomas,22,1588161352,2020-04-29 15:55:52
786,Di Lillo,Robert,28,1588160719,2020-04-29 15:45:19
787,Smith,Franz,29,1588164926,2020-04-29 16:55:26
788,Thronton,Josie,18,1588162505,2020-04-29 16:15:05
789,Di Lillo,Franz,25,1588155755,2020-04-29 14:22:35
790,Stephenson,Ali,21,1588157729,2020-04-29 14:55:29
791,Beierlorzer,Thomas,34,1588159171,2020-04-29 15:19:31
792,Thronton,Simon,38,1588169132,2020-04-29 18:05:32
793,Bond,Jordi,42,1588161246,2020-04-29 15:54:06
794,Thronton,Timothy,35,1588166791,2020-04-29 17:26:31
795,Picard,Agaba,25,1588168328,2020-04-29 17:52:08
796,Picard,Alok,43,1588150294,2020-04-29 12:51:34
797,Pomme,Jean-Luc,32,1588159670,2020-04-29 15:27:50
798,Wellington,Andreas,34,1588157697,2020-04-29 14:54:57
799,Beierlorzer,Simon,29,1588158615,2020-04-29 15:10:15
800,Beierlorzer,Franz,27,1588159542,2020-04-29 15:25:42
801,Roth,Timothy,24,1588160252,2020-04-29 15:37:32
802,Di Lillo,Alok,38,1588158618,2020-04-29 15:10:18
803,Beierlorzer,Alok,9,1588154684,2020-04-29 14:04:44
804,Bond,Sarah,56,1588156811,2020-04-29 14:40:11
805,Smith,Josie,26,1588165043,2020-04-29 16:57:23
806,Beierlorzer,Agaba,49,1588163805,2020-04-29 16:36:45
807,Di Lillo,Timothy,49,1588154176,2020-04-29 13:56:16
808,Di Lillo,Zoe,40,1588162435,2020-04-29 16:13:55
809,Picard,Robert,44,1588163834,2020-04-29 16:37:14
810,Beierlorzer,Jean-Luc,33,1588150603,2020-04-29 12:56:43
811,Beierlorzer,Alok,49,1588162650,2020-04-29 16:17:30
812,Kirk,Agaba,35,1588169814,2020-04-29 18:16:54
813,Mueller,Ali,43,1588158868,2020-04-29 15:14:28
814,Meier,Andreas,35,1588155425,2020-04-29 14:17:05
815,Wellington,Ali,44,1588166896,2020-04-29 17:28:16
816,Kirk,Alok,32,1588163078,2020-04-29 16:24:38
817,Gwahsi,Lee,44,1588157817,2020-04-29 14:56:57
818,Smith,Zoe,41,1588156084,2020-04-29 14:28:04
819,Gwahsi,Andreas,28,1588163772,2020-04-29 16:36:12
820,Meier,Sarah,42,1588156812,2020-04-29 14:40:12
821,Roth,Francine,15,1588163535,2020-04-29 16:32:15
822,Pomme,Francine,36,1588168183,2020-04-29 17:49:43
823,Smith,Anna,29,1588162758,2020-04-29 16:19:18
824,Stephenson,Robert,39,1588167322,2020-04-29 17:35:22
825,Roth,Agaba,12,1588154453,2020-04-29 14:00:53
826,Picard,Francine,28,1588159919,2020-04-29 15:31:59
827,Roth,Alok,41,1588156627,2020-04-29 14:37:07
828,Meier,Thomas,48,1588154754,2020-04-29 14:05:54
829,Stephenson,Simon,24,1588167783,2020-04-29 17:43:03
830,Roth,Timothy,40,1588158034,2020-04-29 15:00:34
831,Kirk,Josie,47,1588154734,2020-04-29 14:05:34
832,Wellington,Timothy,35,1588162493,2020-04-29 16:14:53
833,Meier,Timothy,46,1588155157,2020-04-29 14:12:37
834,Meier,Robert,51,1588160295,2020-04-29 15:38:15
835,Picard,Francine,31,1588156856,2020-04-29 14:40:56
836,Di Lillo,Timothy,38,1588155922,2020-04-29 14:25:22
837,Gwahsi,Robert,33,1588159107,2020-04-29 15:18:27
838,Thronton,Zoe,42,1588153730,2020-04-29 13:48:50
839,Roth,Zoe,47,1588160497,2020-04-29 15:41:37
840,Roth,Jordi,37,1588168210,2020-04-29 17:50:10
841,Beierlorzer,Zoe,37,1588156468,2020-04-29 14:34:28
842,Roth,Alok,18,1588160859,2020-04-29 15:47:39
843,Smith,Sarah,41,1588154273,2020-04-29 13:57:53
844,Pomme,Robert,37,1588166900,2020-04-29 17:28:20
845,Picard,Alok,29,1588159941,2020-04-29 15:32:21
846,Roth,Ali,29,1588164209,2020-04-29 16:43:29
847,Pomme,Simon,14,1588162997,2020-04-29 16:23:17
848,Bond,Sarah,40,1588156776,2020-04-29 14:39:36
849,Smith,Alok,24,1588162502,2020-04-29 16:15:02
850,Kirk,Thomas,36,1588163872,2020-04-29 16:37:52
851,Picard,Hans,38,1588158116,2020-04-29 15:01:56
852,Roth,Alok,33,1588151415,2020-04-29 13:10:15
853,Wellington,Timothy,42,1588168394,2020-04-29 17:53:14
854,Di Lillo,Agaba,26,1588150365,2020-04-29 12:52:45
855,Smith,Thomas,33,1588160436,2020-04-29 15:40:36
856,Stephenson,Anna,41,1588158521,2020-04-29 15:08:41
857,Smith,Thomas,32,1588159190,2020-04-29 15:19:50
858,Gwahsi,Sarah,21,1588150910,2020-04-29 13:01:50
859,Smith,Timothy,23,1588153254,2020-04-29 13:40:54
860,Meier,Timothy,37,1588159526,2020-04-29 15:25:26
861,Beierlorzer,Ali,28,1588163421,2020-04-29 16:30:21
862,Mueller,Alok,38,1588150633,2020-04-29 12:57:13
863,Beierlorzer,Agaba,21,1588160447,2020-04-29 15:40:47
864,Picard,Sarah,28,1588159729,2020-04-29 15:28:49
865,Mueller,Zoe,41,1588162782,2020-04-29 16:19:42
866,Wellington,Andreas,44,1588159079,2020-04-29 15:17:59
867,Gwahsi,Simon,35,1588161152,2020-04-29 15:52:32
868,Pomme,Agaba,44,1588153299,2020-04-29 13:41:39
869,Beierlorzer,Alok,44,1588152711,2020-04-29 13:31:51
870,Picard,Timothy,30,1588161702,2020-04-29 16:01:42
871,Mueller,Agaba,31,1588153792,2020-04-29 13:49:52
872,Smith,Jean-Luc,32,1588163130,2020-04-29 16:25:30
873,Bond,Josie,26,1588151230,2020-04-29 13:07:10
874,Di Lillo,Sarah,44,1588162628,2020-04-29 16:17:08
875,Meier,Alok,21,1588159622,2020-04-29 15:27:02
876,Wellington,Jordi,48,1588157355,2020-04-29 14:49:15
877,Roth,Josie,31,1588164269,2020-04-29 16:44:29
878,Di Lillo,Jean-Luc,49,1588159647,2020-04-29 15:27:27
879,Wellington,Robert,45,1588152049,2020-04-29 13:20:49
880,Bond,Franz,28,1588159366,2020-04-29 15:22:46
881,Roth,Franz,38,1588147619,2020-04-29 12:06:59
882,Beierlorzer,Andreas,30,1588160600,2020-04-29 15:43:20
883,Smith,Lee,34,1588160020,2020-04-29 15:33:40
884,Meier,Hans,17,1588162330,2020-04-29 16:12:10
885,Stephenson,Jean-Luc,39,1588160229,2020-04-29 15:37:09
886,Picard,Thomas,40,1588152934,2020-04-29 13:35:34
887,Pomme,Ali,29,1588159404,2020-04-29 15:23:24
888,Picard,Timothy,45,1588167219,2020-04-29 17:33:39
889,Meier,Robert,41,1588159578,2020-04-29 15:26:18
890,Bond,Timothy,21,1588154362,2020-04-29 13:59:22
891,Smith,Alok,45,1588156575,2020-04-29 14:36:15
892,Stephenson,Agaba,26,1588156537,2020-04-29 14:35:37
893,Kirk,Andreas,25,1588160550,2020-04-29 15:42:30
894,Beierlorzer,Franz,44,1588166417,2020-04-29 17:20:17
895,Picard,Franz,31,1588158873,2020-04-29 15:14:33
896,Mueller,Franz,45,1588155845,2020-04-29 14:24:05
897,Mueller,Sarah,43,1588148695,2020-04-29 12:24:55
898,Roth,Jean-Luc,29,1588161280,2020-04-29 15:54:40
899,Pomme,Josie,47,1588159089,2020-04-29 15:18:09
900,Meier,Agaba,32,1588162036,2020-04-29 16:07:16
901,Di Lillo,Ali,30,1588156547,2020-04-29 14:35:47
902,Mueller,Josie,43,1588156191,2020-04-29 14:29:51
903,Beierlorzer,Simon,37,1588157275,2020-04-29 14:47:55
904,Meier,Jordi,30,1588155619,2020-04-29 14:20:19
905,Smith,Timothy,22,1588170488,2020-04-29 18:28:08
906,Bond,Anna,36,1588160117,2020-04-29 15:35:17
907,Wellington,Francine,35,1588160148,2020-04-29 15:35:48
908,Wellington,Jordi,23,1588159188,2020-04-29 15:19:48
909,Wellington,Ali,44,1588166513,2020-04-29 17:21:53
910,Mueller,Anna,38,1588154733,2020-04-29 14:05:33
911,Beierlorzer,Hans,26,1588159303,2020-04-29 15:21:43
912,Roth,Ali,44,1588163187,2020-04-29 16:26:27
913,Thronton,Alok,43,1588167321,2020-04-29 17:35:21
914,Roth,Ali,43,1588156666,2020-04-29 14:37:46
915,Smith,Jordi,29,1588162012,2020-04-29 16:06:52
916,Beierlorzer,Anna,32,1588159979,2020-04-29 15:32:59
917,Bond,Anna,53,1588154381,2020-04-29 13:59:41
918,Kirk,Robert,33,1588167004,2020-04-29 17:30:04
919,Thronton,Simon,54,1588158994,2020-04-29 15:16:34
920,Bond,Hans,36,1588157309,2020-04-29 14:48:29
921,Meier,Thomas,38,1588162657,2020-04-29 16:17:37
922,Kirk,Timothy,41,1588165616,2020-04-29 17:06:56
923,Roth,Thomas,20,1588153550,2020-04-29 13:45:50
924,Beierlorzer,Robert,6,1588154807,2020-04-29 14:06:47
925,Stephenson,Agaba,34,1588164164,2020-04-29 16:42:44
926,Roth,Simon,40,1588162711,2020-04-29 16:18:31
927,Beierlorzer,Anna,47,1588157466,2020-04-29 14:51:06
928,Wellington,Franz,33,1588165035,2020-04-29 16:57:15
929,Meier,Anna,52,1588166382,2020-04-29 17:19:42
930,Stephenson,Thomas,29,1588160806,2020-04-29 15:46:46
931,Wellington,Timothy,44,1588162967,2020-04-29 16:22:47
932,Di Lillo,Hans,42,1588158969,2020-04-29 15:16:09
933,Bond,Hans,37,1588162975,2020-04-29 16:22:55
934,Di Lillo,Ali,43,1588157775,2020-04-29 14:56:15
935,Roth,Simon,36,1588165278,2020-04-29 17:01:18
936,Pomme,Sarah,32,1588155083,2020-04-29 14:11:23
937,Bond,Franz,30,1588159326,2020-04-29 15:22:06
938,Di Lillo,Timothy,30,1588171841,2020-04-29 18:50:41
939,Bond,Ali,35,1588160295,2020-04-29 15:38:15
940,Meier,Francine,15,1588153656,2020-04-29 13:47:36
941,Gwahsi,Franz,26,1588158942,2020-04-29 15:15:42
942,Thronton,Alok,33,1588174215,2020-04-29 19:30:15
943,Stephenson,Ali,30,1588153680,2020-04-29 13:48:00
944,Smith,Timothy,33,1588161785,2020-04-29 16:03:05
945,Bond,Josie,45,1588163305,2020-04-29 16:28:25
946,Beierlorzer,Sarah,25,1588167169,2020-04-29 17:32:49
947,Gwahsi,Andreas,38,1588153552,2020-04-29 13:45:52
948,Wellington,Josie,43,1588154293,2020-04-29 13:58:13
949,Gwahsi,Josie,47,1588163444,2020-04-29 16:30:44
950,Gwahsi,Jordi,28,1588155049,2020-04-29 14:10:49
951,Meier,Alok,44,1588162241,2020-04-29 16:10:41
952,Wellington,Francine,27,1588150486,2020-04-29 12:54:46
953,Roth,Andreas,47,1588161596,2020-04-29 15:59:56
954,Beierlorzer,Agaba,26,1588151089,2020-04-29 13:04:49
955,Meier,Simon,28,1588158411,2020-04-29 15:06:51
956,Roth,Hans,38,1588153960,2020-04-29 13:52:40
957,Mueller,Josie,40,1588164263,2020-04-29 16:44:23
958,Bond,Francine,25,1588159828,2020-04-29 15:30:28
959,Bond,Josie,40,1588167062,2020-04-29 17:31:02
960,Stephenson,Zoe,33,1588159936,2020-04-29 15:32:16
961,Smith,Sarah,23,1588161702,2020-04-29 16:01:42
962,Picard,Anna,35,1588155855,2020-04-29 14:24:15
963,Roth,Jordi,45,1588161622,2020-04-29 16:00:22
964,Wellington,Simon,32,1588157589,2020-04-29 14:53:09
965,Kirk,Ali,28,1588161177,2020-04-29 15:52:57
966,Bond,Thomas,36,1588160747,2020-04-29 15:45:47
967,Thronton,Simon,33,1588165339,2020-04-29 17:02:19
968,Mueller,Alok,40,1588167179,2020-04-29 17:32:59
969,Pomme,Josie,42,1588156253,2020-04-29 14:30:53
970,Gwahsi,Sarah,49,1588155876,2020-04-29 14:24:36
971,Bond,Agaba,38,1588161628,2020-04-29 16:00:28
972,Stephenson,Sarah,37,1588154603,2020-04-29 14:03:23
973,Bond,Alok,29,1588159731,2020-04-29 15:28:51
974,Gwahsi,Lee,47,1588162068,2020-04-29 16:07:48
975,Wellington,Andreas,32,1588161149,2020-04-29 15:52:29
976,Bond,Lee,22,1588161790,2020-04-29 16:03:10
977,Smith,Jean-Luc,17,1588150227,2020-04-29 12:50:27
978,Thronton,Jordi,-5,1588150552,2020-04-29 12:55:52
979,Wellington,Lee,18,1588161239,2020-04-29 15:53:59
980,Meier,Ali,35,1588161767,2020-04-29 16:02:47
981,Thronton,Thomas,35,1588159575,2020-04-29 15:26:15
982,Stephenson,Lee,24,1588157836,2020-04-29 14:57:16
983,Kirk,Alok,41,1588164595,2020-04-29 16:49:55
984,Picard,Hans,48,1588154885,2020-04-29 14:08:05
985,Picard,Timothy,18,1588169082,2020-04-29 18:04:42
986,Stephenson,Timothy,20,1588165046,2020-04-29 16:57:26
987,Picard,Ali,49,1588165968,2020-04-29 17:12:48
988,Kirk,Zoe,47,1588165567,2020-04-29 17:06:07
989,Gwahsi,Franz,43,1588165048,2020-04-29 16:57:28
990,Kirk,Jean-Luc,26,1588160645,2020-04-29 15:44:05
991,Stephenson,Sarah,53,1588154935,2020-04-29 14:08:55
992,Smith,Alok,39,1588153620,2020-04-29 13:47:00
993,Roth,Ali,34,1588165019,2020-04-29 16:56:59
994,Mueller,Robert,42,1588165466,2020-04-29 17:04:26
995,Di Lillo,Robert,62,1588158988,2020-04-29 15:16:28
996,Kirk,Lee,19,1588160246,2020-04-29 15:37:26
997,Pomme,Franz,40,1588159625,2020-04-29 15:27:05
998,Gwahsi,Thomas,40,1588165504,2020-04-29 17:05:04
999,Beierlorzer,Jean-Luc,32,1588151074,2020-04-29 13:04:34
1000,Thronton,Franz,28,1588171183,2020-04-29 18:39:43
